tai_khoan,mat_khau
user_1_djBd,nzs9mAgEEJ
user_2_YgyR,st4CzGSNVR
user_3_0Cpo,2eKekrbSxP
user_4_aovo,zq0g45k4jr
user_5_jILw,uV4QEb09RD
user_6_FXN8,FPBAdMqxsm
user_7_r9Ma,n031vmDtBN
user_8_3NuT,4v0T6ZmiZl
user_9_AwNa,HjQQNYR3kc
user_10_xqNq,ohTpsV2lNT
user_11_wOmu,c3PeF8fUOS
user_12_NnNL,oeSaJQU0UG
user_13_OsVh,Tqd38zJh5W
user_14_GFdB,HAVMrNKHMM
user_15_SYci,8Kdjtm3LCp
user_16_Sdoz,sczg9PkLqp
user_17_nhkk,wWY0VwSo7V
user_18_MMUW,s9pA1AkRGe
user_19_3cbX,TEvNaqasFY
user_20_b9Ju,80tMAeBGNi
user_21_olhc,Fklw7EhdUZ
user_22_KNOW,AyJZtWPHct
user_23_MLmn,weD78AfMzA
user_24_SFJ2,lXzqgL7FVU
user_25_xWb4,iBDVrOt5SO
user_26_Pj8g,A92lcmeVoC
user_27_JVFQ,RNmQQc0tWl
user_28_ravQ,A9vsqs6IJL
user_29_PTaQ,P4GaRlekF8
user_30_XKIj,gScYrHGWdX
user_31_M21m,jc50arGPSD
user_32_CmZz,THA9WkrKgd
user_33_ovrh,QEEpbYrBAu
user_34_zf1h,2SNt3DqFGJ
user_35_HzlA,S8VZbAb2J8
user_36_nmwk,j09SMcBaj3
user_37_yUZx,FuTTMJhhZs
user_38_DZFi,Y6skm3oAj6
user_39_DrOh,TqvFZ0RPzc
user_40_APD3,8Zgvk4FhL6
user_41_IYip,4PNp6kw9Ig
user_42_tWc6,T7jY8vfmJo
user_43_Gwz5,mfLYscMf4m
user_44_BdJA,gs3D3VCB0p
user_45_1DVb,hGcl26NOTj
user_46_WoYi,wwgKtSXrOa
user_47_ebNO,XvK2rxnzHn
user_48_0fs4,fk230aoS6h
user_49_sU6L,RnFJFQEPJ4
user_50_oN6b,rZtpgPcuBZ
user_51_ezip,I9vdhtXzYo
user_52_FbeG,YcaEyamEJq
user_53_PXkz,YrQ7OHdv6B
user_54_Agmi,tPsDrY09LF
user_55_ARmy,4CrVrT8Nlq
user_56_w6xu,D8EogeE7iF
user_57_0CKX,468JZyV8Qa
user_58_wNFA,jEAJvJReU3
user_59_79bq,WcLC1HpyNz
user_60_HdQv,yEalCrCjLV
user_61_6U8i,5CJDjRV0cN
user_62_AksJ,xczj12G2Cu
user_63_wJDu,g0mgPvDw18
user_64_CH9W,TmGRbKWkYH
user_65_GIcP,acfnBSllDk
user_66_CGah,gHhl9iA1dN
user_67_AhBi,GrcKJdm9jR
user_68_4aLN,GEiPYAOI1q
user_69_fa5d,5yOQKvCVN6
user_70_hHXe,jEGgo0iI0J
user_71_nt2X,5hKUMBi9eQ
user_72_x8me,uhDv11uekv
user_73_G0ub,GBTN70y84G
user_74_Z5hg,9CFEE50Mg8
user_75_GbAe,zAismmXgNx
user_76_cdF5,Q5UshNWq1r
user_77_454a,EfQov5VHC6
user_78_0z8o,ow71tfD6i5
user_79_jba9,Yu3T73teGf
user_80_Gbno,jl7cFkczXE
user_81_3HLG,MbV7hpKsxm
user_82_7xRI,91lpt7nShK
user_83_cUVy,yIydBsu35b
user_84_Lw4x,FwEuVmFXL9
user_85_q0vV,iWjEoKzY5D
user_86_MQKJ,FYBb8dJmhv
user_87_yE6y,fs90PCIpux
user_88_nDoG,A95i7OAR6E
user_89_bWch,oQsUQ5fuzW
user_90_bsH8,fSsJBN7sFs
user_91_Wu2z,cd42o3oRMc
user_92_rqen,1Vkq1lAAic
user_93_KjqD,aMs2VITJwG
user_94_oSCj,zdjoiqcjWk
user_95_8Aih,zukskLT0xs
user_96_CxRN,L5nCAXEgtW
user_97_B7nu,Qq8IsFdVet
user_98_uzzu,pfnJGc4WSS
user_99_GLdW,LKpbCbFrrI
user_100_LC0T,r1nTPshWzD
